Coefficient,Standard Error,Observations
0.035477396821383095,0.46529052794004827,696026
